{
  "mae": 200334.8296367877,
  "rmse": 366664.1287856212,
  "r2": 0.7622814321967765,
  "log_mae": 0.31913250034506047
}