{
  "mae": 663766.1647162923,
  "rmse": 1003064.3382872357,
  "r2": -0.779032314761992,
  "log_mae": 10.320935151008623
}