{
  "mae": 255684.9145541214,
  "rmse": 425729.2169776934,
  "r2": 0.6795257291142016,
  "log_mae": 0.477775021363021
}