{
  "mae": 10939.164916317599,
  "rmse": 38516.980659990666,
  "r2": 0.9973768040860747,
  "log_mae": 0.016160369908569158
}