{
  "mae": 12656.187704623651,
  "rmse": 39721.02361453782,
  "r2": 0.9972102382225398,
  "log_mae": 0.021580046594340742
}