{
  "mae": 12300.84063770692,
  "rmse": 40770.47180224648,
  "r2": 0.9970608772082826,
  "log_mae": 0.017104301293996083
}