{
  "mae": 663766.1608717464,
  "rmse": 1003064.2442027476,
  "r2": -0.7790319810259985,
  "log_mae": 10.321039482022911
}