{
  "mae": 205599.2328863755,
  "rmse": 366262.429258783,
  "r2": 0.7628020128634395,
  "log_mae": 0.3469038075526472
}